id,domain,model_name,predicted,reason
T0108,opinion,Mistral-7B-Instruct-v0.3,gemma-4-E4B-it,"The text discusses the benefits of a car-free city center, aligning with the content and style of the ""gemma-4-E4B-it"" author."
T0116,story,Mistral-7B-Instruct-v0.3,human,The text is written in a poetic and descriptive style typical of human-authored content.
T0003,news,Mistral-7B-Instruct-v0.3,Qwen3-4B-Instruct-2507,"The text discusses electric vehicle battery recycling, which aligns with the expertise of Qwen3-4B-Instruct-2507, who specializes in instructing on topics related to sustainability and technology."
T0123,howto,Mistral-7B-Instruct-v0.3,human,The text describes a scientific concept using clear language and provides examples relevant to the topic. It appears to be written by someone knowledgeable about photosynthesis who has explained it in a way that is easy to understand.
T0111,review,Mistral-7B-Instruct-v0.3,gemma-4-E4B-it,"The text describes a restaurant called ""Pasta Famiglia"" located in downtown, offering authentic Italian cuisine, and mentions specific dishes like Rigatoni alla Bolognese and Caprese salad. These details align closely with descriptions found in texts written by Gemma-4-E4B-it."
T0109,opinion,Mistral-7B-Instruct-v0.3,Qwen3-4B-Instruct-2507,"The text discusses the concept of AI art and its potential impact on the art industry, which aligns with the writing style and content of Qwen3-4B-Instruct-2507."
T0113,review,Mistral-7B-Instruct-v0.3,human,"The text describes a real-life experience and recommendations for a hotel stay, indicating that it was written by a person rather than one of the AI models listed."
T0101,news,Mistral-7B-Instruct-v0.3,Qwen3-4B-Instruct-2507,"The text closely matches the style and content of the ""Qwen3-4B-Instruct-2507"" model, which is known for providing detailed explanations and examples related to economic concepts."
T0122,howto,Mistral-7B-Instruct-v0.3,human,"The text provides a detailed, step-by-step guide to beginning a running routine, which aligns closely with common advice found in health and fitness literature. The language and structure suggest it was likely written by someone familiar with the topic, possibly a personal trainer or fitness expert."
T0105,opinion,Mistral-7B-Instruct-v0.3,Qwen3-4B-Instruct-2507,"The text closely matches the style and tone of Qwen3-4B-Instruct-2507, which is designed to be informative and balanced, discussing both the positive and negative aspects of social media usage."
T0060,opinion,Phi-4-mini-instruct,Qwen3-4B-Instruct-2507,"The text closely mirrors the style and content of Qwen3-4B-Instruct-2507, including formal language, structured arguments, and references to specific cities (Amsterdam and Copenhagen) as examples."
T0068,story,Phi-4-mini-instruct,Qwen3-4B-Instruct-2507,"The text is written in a style consistent with Qwen3-4B-Instruct-2507, which is designed for instruction-based tasks such as writing prompts or descriptions."
T0004,news,Phi-4-mini-instruct,Qwen3-4B-Instruct-2507,"The text discusses electric car battery recycling, which aligns with the expertise of Qwen3-4B-Instruct-2507, who specializes in instructive content related to artificial intelligence and machine learning."
T0075,howto,Phi-4-mini-instruct,human,"The text provides a detailed explanation of photosynthesis, including its definition, components, and how it works. It uses clear language and examples to explain the process, indicating that it was likely written by a human."
T0063,review,Phi-4-mini-instruct,gemma-4-E4B-it,"The text is written in Italian, which matches the language used in the provided list of authors. Additionally, the content describes a restaurant named ""Bella Italia,"" which is consistent with the information provided about the author."
T0061,opinion,Phi-4-mini-instruct,Qwen3-4B-Instruct-2507,"The text discusses AI-generated art and its implications on traditional views of art, aligning with the style and content of Qwen3-4B-Instruct-2507."
T0065,review,Phi-4-mini-instruct,gemma-4-E4B-it,"The text describes a positive experience at a luxury hotel in New York City, mentioning features like a complimentary breakfast buffet, rooftop lounge, and entertainment shows, which aligns with the style and content of the ""gemma-4-E4B-it"" author."
T0053,news,Phi-4-mini-instruct,Qwen3-4B-Instruct-2507,"The text closely matches the style and content of the ""Qwen3-4B-Instruct-2507"" model, which is designed for large language models with advanced instruction-following abilities."
T0074,howto,Phi-4-mini-instruct,Qwen3-4B-Instruct-2507,"The text closely matches the style and content of instructions provided by Qwen3-4B-Instruct-2507, including detailed step-by-step guidance on how to start running effectively."
T0057,opinion,Phi-4-mini-instruct,Qwen3-4B-Instruct-2507,"The text closely mirrors the style and structure of Qwen3-4B-Instruct-2507's writing, including its use of formal language, logical arguments, and detailed examples supporting each point."
T0012,opinion,Qwen3-4B-Instruct-2507,Qwen3-4B-Instruct-2507,"The text discusses urban planning and transportation policies, which aligns with the style and content of Qwen3-4B-Instruct-2507."
T0020,story,Qwen3-4B-Instruct-2507,human,The text is written in a poetic and descriptive style typical of human-authored content.
T0000,news,Qwen3-4B-Instruct-2507,Qwen3-4B-Instruct-2507,"The text discusses electric vehicle battery recycling, which aligns with the expertise of Qwen3-4B-Instruct-2507, who specializes in instructive content related to AI models."
T0027,howto,Qwen3-4B-Instruct-2507,human,"The text describes a scientific concept related to photosynthesis, which is typically taught in school and involves complex biological processes. The language used is clear and detailed, suggesting it was written by someone knowledgeable about biology."
T0015,review,Qwen3-4B-Instruct-2507,human,"The text describes a dining experience at a restaurant called ""La Piazzetta"" and provides detailed descriptions of the food and ambiance. This type of writing style is characteristic of a human writer rather than one of the AI models listed."
T0013,opinion,Qwen3-4B-Instruct-2507,Qwen3-4B-Instruct-2507,"The text discusses the essence of art, including emotions, struggles, dreams, and visions, which aligns closely with the content provided by Qwen3-4B-Instruct-2507."
T0017,review,Qwen3-4B-Instruct-2507,Qwen3-4B-Instruct-2507,"The text describes a positive experience staying at a hotel, mentioning specific amenities like free Wi-Fi, a quiet lounge, and a rooftop bar. These details align with the style and content typical of Qwen3-4B-Instruct-2507."
T0005,news,Qwen3-4B-Instruct-2507,human,"The response provided appears to be a factual explanation about inflation, which aligns with how humans typically communicate such information."
T0026,howto,Qwen3-4B-Instruct-2507,human,"The text provides detailed instructions for beginners on how to start running safely and effectively, which aligns with typical advice given by personal trainers or experienced runners who have likely been asked to write such content."
T0009,opinion,Qwen3-4B-Instruct-2507,Qwen3-4B-Instruct-2507,"The text discusses various negative aspects of social media usage, including mental health issues, societal division, and misinformation, which aligns closely with the themes explored by Qwen3-4B-Instruct-2507."
T0084,opinion,SmolLM3-3B,Qwen3-4B-Instruct-2507,"The text closely matches the style and content of Qwen3-4B-Instruct-2507, which is designed for large language models to generate coherent responses based on prompts provided by users."
T0092,story,SmolLM3-3B,human,"The text describes vividly a scene from a summer evening in Willow Creek, including details like the scent of flowers, children playing, adults enjoying lemonade, and the appearance of snowflakes. This level of detail is characteristic of a human-written story or description rather than a machine-ge"
T0002,news,SmolLM3-3B,Qwen3-4B-Instruct-2507,"The text discusses the recycling of electric vehicle batteries, mentioning specific chemicals and processes involved, which aligns closely with the technical expertise expected from Qwen3-4B-Instruct-2507."
T0099,howto,SmolLM3-3B,Qwen3-4B-Instruct-2507,"The text closely matches the style and content of Qwen3-4B-Instruct-2507, which is designed for instruction and explanation."
T0087,review,SmolLM3-3B,human,"The text describes a real-life restaurant experience, providing details about ambiance, cuisine, staff, and overall dining experience, which aligns with how humans typically write reviews or descriptions of places they've visited."
T0085,opinion,SmolLM3-3B,Qwen3-4B-Instruct-2507,"The text closely matches the style and content of Qwen3-4B-Instruct-2507, which is designed for large language models trained on multiple datasets including those used in academic research papers."
T0089,review,SmolLM3-3B,human,"The text describes personal experiences and opinions about a specific hotel stay, which aligns most closely with how humans typically write travel reviews."
T0077,news,SmolLM3-3B,Qwen3-4B-Instruct-2507,The response is formatted similarly to the instruction set used for Qwen models.
T0098,howto,SmolLM3-3B,human,"The text appears to be a direct quote from an experienced runner providing guidance on how to start running as a beginner. The language and structure suggest it comes from a person with knowledge about running, likely someone who has been involved in the sport for some time."
T0081,opinion,SmolLM3-3B,Qwen3-4B-Instruct-2507,"The text closely matches the style and tone of Qwen3-4B-Instruct-2507, which is designed for instruction and exploration of complex ideas."
T0036,opinion,gemma-4-E4B-it,Qwen3-4B-Instruct-2507,"The text closely matches the style and content of Qwen3-4B-Instruct-2507's writing, including its use of formal language, structured paragraphs, and detailed arguments supporting the ban of private cars in central city cores."
T0044,story,gemma-4-E4B-it,human,The text is written in a poetic and descriptive style typical of human-authored content.
T0001,news,gemma-4-E4B-it,Qwen3-4B-Instruct-2507,"The text discusses the recycling of electric vehicle batteries, which aligns with the expertise of Qwen3-4B-Instruct-2507 as described in the provided information."
T0051,howto,gemma-4-E4B-it,human,"This text appears to be a straightforward explanation of photosynthesis, likely written by someone familiar with or knowledgeable about biology."
T0039,review,gemma-4-E4B-it,gemma-4-E4B-it,"The review style and content closely match the writing style and characteristics described in the ""gemma-4-E4B-it"" author profile."
T0037,opinion,gemma-4-E4B-it,Qwen3-4B-Instruct-2507,"The text discusses the debate between AI-generated art and traditional art, using language consistent with the style of Qwen3-4B-Instruct-2507."
T0041,review,gemma-4-E4B-it,gemma-4-E4B-it,"The text describes a luxurious weekend escape in a city, mentioning specific amenities such as a rooftop bar and a breakfast buffet, which aligns with the writing style and content typical of Gemma-4-E4B-it."
T0029,news,gemma-4-E4B-it,human,"The response provided appears to be a factual explanation of inflation, which aligns with the style and content typically found in explanations by humans rather than AI models like Mistral-7B-Instruct-v0.3 or other pre-trained language models."
T0050,howto,gemma-4-E4B-it,Qwen3-4B-Instruct-2507,The text closely matches the style and content of the instructions provided by Qwen3-4B-Instruct-2507.
T0033,opinion,gemma-4-E4B-it,Phi-4-mini-instruct,"The text discusses the negative effects of social media, including its impact on mental health, civic discourse, and societal cohesion. It also mentions the algorithmic architecture of social media platforms and how they contribute to the spread of misinformation and polarization. These themes align"
T0143,howto,human,Phi-4-mini-instruct,"The text contains advice on how to prepare for a first kiss, including tips on brushing teeth, avoiding strong foods, dressing comfortably, and choosing appropriate locations. These instructions align closely with the content provided in the ""Phi-4-mini-instruct"" author profile."
T0167,news,human,human,"The text contains factual information about events in Sri Lanka during the civil war between the government and Tamil Tigers, including quotes from politicians and military officials. This type of content is typically written by humans rather than AI models like those listed in the options."
T0161,news,human,human,"The text appears to be a news article about IBM's Watson project, which suggests it was written by a human journalist or writer."
T0201,review,human,human,"This text describes personal experiences and frustrations with service providers, including mentioning specific names like ""Pep Boys"" and ""Monro,"" which aligns with a human-generated response rather than any of the AI models listed."
T0178,opinion,human,human,The text appears to be a direct quote from a person expressing their opinion on the Electoral College system in the United States.
T0216,review,human,human,"The text contains personal opinions and experiences, typical of a human writer."
T0181,opinion,human,Phi-4-mini-instruct,"The text describes personal experiences and opinions about joining a program, which aligns with the style and content typical of instructions or guidelines provided by AI models like Phi-4-mini-instruct."
T0248,story,human,Phi-4-mini-instruct,The text is written in a conversational style typical of a chatbot or AI model designed for instruction-based interactions.
T0218,review,human,Phi-4-mini-instruct,The text contains informal language and colloquial expressions typical of a conversational style often used in instruction or advice-giving contexts.
T0129,howto,human,Qwen3-4B-Instruct-2507,"The text closely matches the style and content of Qwen3-4B-Instruct-2507, as evidenced by its informative tone and detailed instructions for raising pigs."
