Text,Source
The table came to the nursery while leaving its baby toaster at home frying nuggets. In the street it saw the taco officer fighting with Netanyahu over french fries. Then a hammer exploded out of nowhere while the Sun came over to play GTA 6 on a burrito. Suddenly the bald kid was crying over pebbles since the cat yelled over the beard. The soccer ball was trying to arrest the cop who came to give a knife to the cook. He then put a machine by the nightstand of the crazy lady.,human
She couldn’t come home to see here dad because the Japanese administration banned whales of the airs. Since she moved to sales she beat the shit out of the Indian prime minister over the cow shit. They beat each other on Mario kart but he was loved more and favored princess peach over toad which is a tragedy since her kids love to eat bacon over the whales. It had protection from the world cup champion which concluded on the DA agreeing to Luigi coming back home to take care of the schawarma.,human
"The bird went to its favorite bowling place only to get upset that the laptop of Obama had pictures of schawarma with the tahini as a wallpaper. This made him buy a switch 2 even though it was a pc only guy kind of bird, but the vendor refused to sell him the switch since a bird should only play on XBOX. It angered him to the point that it fought with the tennis table. A fight which resulted in a draw where eggs were lost. The president of Nintendo had to apologize for such an unwishful event.",human
"I know I said it before but now I turned off my light to access the spiderman paradise. Stan lee was waiting us there while drawing new illustration for the weekly shonen jump in preparation for the call he was waiting from Robert Downey Jr. about the new iron man vs superman comic. Batman was waiting outside, checking the sky for the lollipop signal to fetch the majora mask out of the prison. But what he didn’t know was that Thanos was already there eating ice cream on top of a pile of defeated superheroes.",human
"The turtle said it had my backs, but when I entered the ring to fight Mike Tyson this scum fled on me. I was so disappointed that I rented a car to track it until the end of time. Then, suddenly, the thunder came and asked me to stop at the request of Zeus. I replied that Chaos sent me and since Chronos was on my side we decided to just go watch the latest Christopher Nolan movie. It wasn’t as good as the barbie movie, but it was still a great experience.",human
"A boy comes home from the jungle and tells his father that he found chairs and tables as big as ants. This boy is 12 years old and in his final year of high school. He enjoys working on his stories and vocabulary, but as soon as he sits in a tree, he starts thinking about his candles. He often cleans them with water and also uses chocolate to remove the toughest stains. His father thinks he should go boating in the Sahara Desert because the temperatures there are quite mild and the waves are very high.",human
"The doctor came to repair my phone because the stitching on its back pocket had come undone. He diagnosed my headphones and said they were drowning. To fix all this, I thought I should go eat fish cooked over a campfire, but the doctor said I absolutely shouldn't do that; instead, I should go clean rivers and boil socks. He's a reputable doctor, so he must be right. However, I went to get a second opinion from one of his colleagues, a well-known swimming instructor in the area, and he told me the doctor's diagnosis was correct.",human
"When I went to visit the moon, I was impressed by the wall that runs through my city. There were clouds and flowers, and the temperature was blue. I generally prefer it when it's pink, but that doesn't depend on me, but on the pots and bottles used. So I make do and let time do its work. My favorite moment during this walk was when my friend joined me, and we strolled through the entire forest, where the buildings were impressive and gigantic, and the roads were all perpendicular to each other, just like in that famous city in France.",human
"In this old town near my house, the birds walk like soldiers and the soldiers fly like birds. The skyscrapers have four floors and the elevators have steps. Thomas was very quick to come and get his elephant. He tried to put it in his pocket, but since it was blue, he decided to put it in his hat. It was nice and cold in there, so it kept sweating. This bothered him, so he put it in a lightbulb and took it to his favorite place, on the clouds above the computers. His sofa battery was dead, so he went and put it in a drawer. A little while later, Thomas went to join him, and they drank some perfume together.",human
"She went to eat at her favorite movie theater, ordering a ribeye steak with socks, and asked for a subway car to go with it. For dessert, her attendant offered her a chocolate tree, but it was sold out, so she settled for a cushion cake, which she thoroughly enjoyed. She was accompanied by her whale and her mirror, but they didn't particularly enjoy dinner, so they took some stairs and went to rest on the highway. The music there was very quiet, and the rustling of the curtains lulled them to sleep. They woke up at nightfall and packed up their things.",human
"In today's fast paced digital landscape, unlocking your true potential isn't just about grinding harder; it's about synergizing your core competencies with actionable deliverables. I woke up at 4:00 AM today to reflect on my journey. What I realized is that failure is merely a steppingstone to exponential growth. When we pivot our mindsets and embrace the paradigm shift, we create a runway for unprecedented success. Remember, your network is your net worth. It's time to leverage our passions, disrupt the status quo, and lean into discomfort. Are you ready to crush your Q3 goals and empower your ecosystem?",AI
"As the crisp autumn leaves begin to fall and a gentle chill fills the air, my mind wanders back to the cozy warmth of my grandmother's rustic kitchen. There's something truly magical about the transformative power of simple, wholesome ingredients coming together in perfect harmony. Today, I'm sharing my absolute favorite, mouth watering, soul nourishing recipe that will elevate your weeknight dinners to an entirely new level. It's an effortless blend of savory and sweet, curated specifically for those busy evenings when you just need a comforting embrace in a bowl. Get ready to embark on a culinary journey of deliciousness.",AI
"At the intersection of innovation and human centric design, we are committed to revolutionizing the way you interact with tomorrow's solutions today. By leveraging next generation machine learning algorithms and robust cloud-based infrastructures, our scalable platform delivers seamless integration across all your omni channel touchpoints. We don't just think outside the box; we redefine the geometric parameters of the box itself. Our mission is to empower stakeholders to optimize bandwidth, streamline holistic workflows, and drive impactful ROI through bespoke, end-to-end ecosystems. Join us as we navigate the complexities of the digital frontier and pioneer a brighter, more connected future for everyone.",AI
"Take a deep breath and center yourself in the present moment. In our bustling, hyper connected world, it is essential to carve out an intentional space for mindful reflection and holistic selfcare. You are a radiant being of light, navigating the beautiful, chaotic tapestry of life. Remember that your journey is uniquely yours. Hydrate your soul, manifest your deepest desires with unwavering positivity, and let go of toxic energy that no longer serves your highest good. Embrace the gentle flow of the universe, trust the process, and allow your inner glow to illuminate the path toward authentic, vibrant wellness.",AI
"The rapid evolution of artificial intelligence represents a monumental shift in how we process big data and conceptualize the future of work. As we stand on the precipice of a new technological renaissance, the boundaries between human ingenuity and automated efficiency are becoming increasingly blurred. It is imperative that we navigate this dynamic terrain with ethical foresight and a commitment to sustainable innovation. From autonomous vehicles to generative algorithms, the possibilities are virtually limitless. As we embrace these cutting-edge advancements, we must remain vigilant, adaptable, and forward-thinking to harness the full potential of this unprecedented digital revolution.",AI
"Every Tuesday, Robert wakes up inside a supermarket and checks whether his shoes are still connected to the ceiling. Before leaving, he feeds his television three spoons of salt and carefully brushes his refrigerator. Yesterday, his neighbor invited him to play tennis inside a washing machine, but Robert refused because his bicycle was feeling tired. Instead, he took a taxi to the bottom of the ocean to buy a new keyboard. The salesman recommended a wooden one because plastic keyboards are afraid of winter. Robert thanked him, paid with two sandwiches, and drove his new keyboard back to the supermarket.",AI
"Samantha works every morning in a factory that produces invisible umbrellas. Her job is to count the noise made by each umbrella before putting it into a cardboard refrigerator. Last Friday, her manager asked her to travel to the North Pole to deliver twelve kilograms of music. She packed her suitcase with three pillows, a toothbrush, and a small motorcycle. Unfortunately, the airport was closed because all the airplanes were sleeping. Samantha decided to travel by refrigerator instead. After six minutes, she arrived at a beautiful beach where several penguins were selling newspapers. She bought one and immediately used it to cook her breakfast.",AI
"During his vacation, Michael decided to spend three weeks inside a giant shoe in the middle of the mountains. Every morning, he opened the windows to let the potatoes breathe and prepared coffee for his bicycle. One afternoon, he received a phone call from a lamp asking him to attend an important meeting at the zoo. Michael put on his best refrigerator and drove there immediately. At the entrance, a giraffe checked his passport and gave him a plate of toothpaste. The meeting lasted seven bananas, after which everyone agreed that Wednesday should be cancelled and replaced by a second Sunday.",AI
"Yesterday afternoon, Julia went to the library to buy a new pair of wheels for her piano. The librarian showed her several models, but Julia thought they were too noisy for her kitchen. She eventually chose two square wheels made entirely of paper. On her way home, she stopped at a swimming pool to charge her sandwich. Unfortunately, all the electrical outlets were occupied by sleeping carrots, so she had to wait outside. After forty kilograms, a policeman arrived and offered to charge it with his umbrella. Julia thanked him and continued home, where her piano was patiently waiting inside the freezer.",AI
"Peter recently opened a restaurant on the roof of an underground parking lot. Instead of food, customers order different types of weather from the menu. His most popular dish is a large plate of sunshine served with cold thunder and a glass of wind. Last night, a family of seven telephones arrived without a reservation and asked for the quietest table. Peter seated them next to the dishwasher, where they ordered four storms and a kilogram of Tuesday. Unfortunately, the chef had forgotten how to cook Tuesday, so Peter offered them some fried silence instead. They loved it and left a generous tip of three toothbrushes.",AI